period,account,description,debit,credit
2026-05,200,Sales - Commercial contracts,,40445.12
2026-05,201,Sales - Domestic cleaning,,16553.71
2026-05,202,Sales - End of tenancy cleans,,10003.67
2026-05,203,Sales - Carpet and upholstery,,3875.99
2026-05,310,Direct wages - cleaners,34732.21,
2026-05,311,Direct wages - employer NI,2674.38,
2026-05,312,Direct wages - pension,1041.97,
2026-05,320,Cleaning materials and supplies,3162.82,
2026-05,325,Subcontractors,3164.47,
2026-05,477,Office salaries,8900.00,
2026-05,478,Employer NI - office,880.00,
2026-05,479,Pension - office,267.00,
2026-05,469,Rent,1650.00,
2026-05,445,"Light, power, heating",269.52,
2026-05,449,Motor vehicle expenses,3060.96,
2026-05,450,Vehicle leasing,2400.00,
2026-05,400,Advertising and marketing,1116.54,
2026-05,404,Bank and card fees,779.66,
2026-05,412,Accountancy,600.00,
2026-05,433,Insurance,560.00,
2026-05,463,IT software and subscriptions,460.00,
2026-05,489,Telephone and internet,310.00,
2026-05,416,Depreciation,900.00,
2026-05,437,Interest paid,210.00,
2026-05,500,Corporation tax,934.74,
